id ,disp,time
ff0001,30,1556785732
ff0001,28,1556786752
ff0002,37,1556787012
ff0002,3,1556787032
ff0002,36,1556787052
ff0002,37,1556787112
ff0002,24,1556787132
ff0001,20,1556786772
ff0001,20,1556786792
ff0001,10,1556786812
ff0001,10,1556786852
ff0001,0,1556786872
ff0001,10,1556786892
ff0002,35,1556786992
ff0002,28,1556787172
ff0002,25,1556787192
ff0002,22,1556787212
ff0002,9,1556787232
ff0002,4,1556787252
ff0002,37,1556787272
ff0001,8,1556786912
ff0001,6,1556786932
ff0001,4,1556786952
ff0001,0,1556786972
ff0001,70,1556786992
ff0001,20,1556787012
ff0001,7,1556787032
ff0001,2,1556787052
ff0001,7,1556787072
ff0001,2,1556787092
ff0001,7,1556787112
ff0001,12,1556787132
ff0001,17,1556787152
ff0001,12,1556787172
ff0001,17,1556787192
ff0001,12,1556787212
ff0001,17,1556787232
ff0001,02,1556787252
ff0001,7,1556787272
ff0001,2,1556787292
ff0001,7,1556787312
ff0002,63,1556786872
ff0002,50,1556786892
ff0002,37,1556786912
ff0002,24,1556786932
ff0001,2,1556787332
ff0001,7,1556787352
ff0001,2,1556787372
ff0001,0,1556787392
ff0002,67,1556785732
ff0002,54,1556786752
ff0002,41,1556786772
ff0002,28,1556786772
ff0002,15,1556786792
ff0002,02,1556786812
ff0002,9,1556786832
ff0002,6,1556786852
ff0002,1,1556786952
ff0002,8,1556786972
ff0002,4,1556787292
ff0002,1,1556787312
ff0002,8,1556787332
ff0002,5,1556787352
ff0002,2,1556787372
ff0002,9,1556787392